"","Team","Season","GP","TOI","CF","CA","C...","CF.","CF.60","CA.60","GF","GA","G...","GF.","GF.60","GA.60","xGF","xGA","xG...","xGF.","xGF.60","xGA.60","PENT","PEND","P...","Sh.","Sv.","PDO"
"1","ANA","2007-2008",81,571.92,138,783,-645,14.98,14.48,82.14,6,57,-51,9.52,0.63,5.98,6.35,52.86,-46.51,10.72,0.67,5.55,38,37,-1,6.52,88,94.52
"2","ARI","2007-2008",81,491.75,116,704,-588,14.15,14.15,85.9,9,51,-42,15,1.1,6.22,6.53,46.24,-39.71,12.37,0.8,5.64,13,30,17,12.16,86.1,98.27
"3","ATL","2007-2008",80,517.42,118,787,-669,13.04,13.68,91.26,13,61,-48,17.57,1.51,7.07,7.08,46.82,-39.74,13.14,0.82,5.43,21,29,8,16.25,85.81,102.06
"4","BOS","2007-2008",30,162.69,27,258,-231,9.47,9.96,95.15,2,26,-24,7.14,0.74,9.59,1.26,17.75,-16.49,6.63,0.46,6.55,5,10,5,11.11,82.19,93.3
"5","BUF","2007-2008",76,479.03,105,673,-568,13.5,13.15,84.3,7,45,-38,13.46,0.88,5.64,4.99,40.72,-35.73,10.92,0.63,5.1,14,17,3,10.94,87.43,98.37
"6","CAR","2007-2008",79,506.64,139,727,-588,16.05,16.46,86.1,3,61,-58,4.69,0.36,7.22,8.33,52.17,-43.84,13.77,0.99,6.18,26,27,1,3.26,84.75,88.01
"7","CBJ","2007-2008",82,549.24,128,752,-624,14.55,13.98,82.15,5,52,-47,8.77,0.55,5.68,6.75,43.41,-36.66,13.46,0.74,4.74,24,29,5,5.95,88.07,94.03
"8","CGY","2007-2008",82,578.97,119,758,-639,13.57,12.33,78.55,8,62,-54,11.43,0.83,6.43,6.88,47.7,-40.82,12.61,0.71,4.94,22,46,24,10.39,86.04,96.43
"9","CHI","2007-2008",80,580.01,122,791,-669,13.36,12.62,81.83,16,61,-45,20.78,1.66,6.31,6.85,54.2,-47.35,11.22,0.71,5.61,29,33,4,19.05,86.5,105.55
"10","COL","2007-2008",82,470.83,78,693,-615,10.12,9.94,88.31,2,52,-50,3.7,0.25,6.63,4.27,46.92,-42.65,8.34,0.54,5.98,12,20,8,3.77,85.56,89.33
"11","DAL","2007-2008",82,558.61,119,717,-598,14.23,12.78,77.01,14,42,-28,25,1.5,4.51,5.77,47.18,-41.41,10.9,0.62,5.07,16,34,18,17.07,88.92,105.99
"12","DET","2007-2008",81,558.39,149,625,-476,19.25,16.01,67.16,7,46,-39,13.21,0.75,4.94,6.69,46.35,-39.66,12.61,0.72,4.98,20,36,16,7.45,87.43,94.88
"13","EDM","2007-2008",82,564.17,118,824,-706,12.53,12.55,87.63,5,47,-42,9.62,0.53,5,6.31,50.53,-44.22,11.1,0.67,5.37,21,21,0,7.14,89.72,96.86
"14","FLA","2007-2008",80,547.4,135,836,-701,13.9,14.8,91.63,4,48,-44,7.69,0.44,5.26,8.4,52.41,-44.01,13.81,0.92,5.74,19,29,10,3.88,89.43,93.31
"15","L.A","2007-2008",82,462.02,92,784,-692,10.5,11.95,101.81,9,59,-50,13.24,1.17,7.66,5.99,53.92,-47.93,10,0.78,7,23,17,-6,15.79,86.74,102.53
"16","MIN","2007-2008",80,485.28,118,679,-561,14.81,14.59,83.95,3,43,-40,6.52,0.37,5.32,6.92,40.43,-33.51,14.61,0.86,5,20,27,7,3.8,89.41,93.21
"17","MTL","2007-2008",77,472.43,125,810,-685,13.37,15.88,102.87,6,45,-39,11.76,0.76,5.72,5.83,46.98,-41.15,11.04,0.74,5.97,28,30,2,7.79,88.72,96.51
"18","N.J","2007-2008",79,463.45,116,657,-541,15.01,15.02,85.06,4,42,-38,8.7,0.52,5.44,7.34,44.04,-36.7,14.29,0.95,5.7,13,18,5,5.41,89.76,95.16
"19","NSH","2007-2008",81,501.34,119,638,-519,15.72,14.24,76.36,7,38,-31,15.56,0.84,4.55,6.93,39.5,-32.57,14.93,0.83,4.73,35,39,4,9.09,89.36,98.45
"20","NYI","2007-2008",77,548.73,156,865,-709,15.28,17.06,94.58,9,51,-42,15,0.98,5.58,8.3,54.58,-46.28,13.2,0.91,5.97,18,19,1,8.41,88.64,97.05
"21","NYR","2007-2008",80,477.27,84,657,-573,11.34,10.56,82.59,4,41,-37,8.89,0.5,5.15,5.96,39.42,-33.46,13.13,0.75,4.96,21,25,4,7.41,87.35,94.75
"22","OTT","2007-2008",75,543.72,190,777,-587,19.65,20.97,85.74,15,59,-44,20.27,1.66,6.51,10.35,50.56,-40.21,16.99,1.14,5.58,22,26,4,12,86.59,98.59
"23","PHI","2007-2008",80,545.5,154,806,-652,16.04,16.94,88.65,10,56,-46,15.15,1.1,6.16,9.99,47.11,-37.12,17.5,1.1,5.18,22,29,7,10,86.82,96.82
"24","PIT","2007-2008",79,515.74,100,793,-693,11.2,11.63,92.26,5,56,-51,8.2,0.58,6.51,6.54,49.56,-43.02,11.66,0.76,5.77,15,23,8,7.14,86.47,93.62
"25","S.J","2007-2008",81,443.15,106,626,-520,14.48,14.35,84.76,7,31,-24,18.42,0.95,4.2,6.41,40.2,-33.79,13.75,0.87,5.44,20,29,9,9.33,90.28,99.62
"26","STL","2007-2008",81,551.15,97,791,-694,10.92,10.56,86.11,1,44,-43,2.22,0.11,4.79,4.7,47.56,-42.86,8.99,0.51,5.18,28,27,-1,1.72,88.69,90.41
"27","T.B","2007-2008",79,470.59,117,661,-544,15.04,14.92,84.28,7,46,-39,13.21,0.89,5.86,6.02,39.1,-33.08,13.34,0.77,4.99,17,22,5,9.33,86.86,96.19
"28","TOR","2007-2008",78,498.28,110,756,-646,12.7,13.25,91.03,4,56,-52,6.67,0.48,6.74,5.08,53.52,-48.44,8.67,0.61,6.44,22,17,-5,5.19,85.75,90.95
"29","VAN","2007-2008",82,527.92,89,728,-639,10.89,10.12,82.74,5,53,-48,8.62,0.57,6.02,4.43,46.84,-42.41,8.64,0.5,5.32,28,32,4,8.33,86.98,95.31
"30","WSH","2007-2008",81,535.95,89,816,-727,9.83,9.96,91.35,4,56,-52,6.67,0.45,6.27,4.73,50.92,-46.19,8.5,0.53,5.7,22,15,-7,5.71,87.56,93.27
"31","ANA","2008-2009",82,595.72,110,961,-851,10.27,11.08,96.79,6,69,-63,8,0.6,6.95,6.1,66.34,-60.24,8.42,0.61,6.68,32,28,-4,7.69,87.61,95.3
"32","ARI","2008-2009",81,416.07,82,723,-641,10.19,11.82,104.26,3,58,-55,4.92,0.43,8.36,4.79,45.81,-41.02,9.47,0.69,6.61,14,24,10,5.66,84.45,90.11
"33","ATL","2008-2009",82,547.97,137,933,-796,12.8,15,102.16,12,78,-66,13.33,1.31,8.54,8.46,58.12,-49.66,12.71,0.93,6.36,23,35,12,13.19,84.8,97.98
"34","BOS","2008-2009",81,456.87,88,725,-637,10.82,11.56,95.21,7,49,-42,12.5,0.92,6.44,5.6,47.4,-41.8,10.57,0.74,6.22,17,26,9,11.11,87.84,98.95
"35","BUF","2008-2009",82,491.77,86,815,-729,9.54,10.49,99.44,5,50,-45,9.09,0.61,6.1,4.38,48.34,-43.96,8.31,0.53,5.9,17,26,9,10.64,88.96,99.6
"36","CAR","2008-2009",82,451.07,86,783,-697,9.9,11.44,104.15,7,49,-42,12.5,0.93,6.52,4.47,51.26,-46.79,8.02,0.59,6.82,19,25,6,13.46,87.59,101.06
"37","CBJ","2008-2009",82,525.33,118,819,-701,12.59,13.48,93.54,7,55,-48,11.29,0.8,6.28,6.44,47.8,-41.36,11.87,0.74,5.46,17,27,10,9.86,87.03,96.89
"38","CGY","2008-2009",81,526.74,122,848,-726,12.58,13.9,96.59,6,52,-46,10.34,0.68,5.92,7.76,58.24,-50.48,11.76,0.88,6.63,25,29,4,7.89,89.39,97.28
"39","CHI","2008-2009",82,481.29,87,796,-709,9.85,10.85,99.23,8,56,-48,12.5,1,6.98,6.24,51.17,-44.93,10.87,0.78,6.38,20,22,2,12.5,87.58,100.08
"40","COL","2008-2009",82,486.07,82,764,-682,9.69,10.12,94.31,4,54,-50,6.9,0.49,6.67,4.61,44.71,-40.1,9.35,0.57,5.52,14,18,4,6.56,85.86,92.42
"41","DAL","2008-2009",82,505.88,108,762,-654,12.41,12.81,90.38,2,65,-63,2.99,0.24,7.71,5.39,51.9,-46.51,9.41,0.64,6.16,14,23,9,2.86,83.03,85.89
"42","DET","2008-2009",81,482.55,117,667,-550,14.92,14.55,82.93,5,58,-53,7.94,0.62,7.21,6.5,41.97,-35.47,13.41,0.81,5.22,21,15,-6,7.14,84.9,92.04
"43","EDM","2008-2009",82,512.1,115,876,-761,11.6,13.47,102.64,3,63,-60,4.55,0.35,7.38,5.86,60.39,-54.53,8.85,0.69,7.08,27,29,2,4.29,87.57,91.86
"44","FLA","2008-2009",82,474.59,93,856,-763,9.8,11.76,108.22,5,50,-45,9.09,0.63,6.32,4.79,54.44,-49.65,8.09,0.61,6.88,14,12,-2,9.26,89.06,98.32
"45","L.A","2008-2009",82,583.08,126,860,-734,12.78,12.97,88.5,3,52,-49,5.45,0.31,5.35,8.21,52.84,-44.63,13.45,0.84,5.44,18,31,13,3.85,87.71,91.55
"46","MIN","2008-2009",82,470.73,103,725,-622,12.44,13.13,92.41,8,27,-19,22.86,1.02,3.44,6.35,45.92,-39.57,12.15,0.81,5.85,17,24,7,11.76,93.46,105.23
"47","MTL","2008-2009",82,526.87,113,859,-746,11.63,12.87,97.82,6,59,-53,9.23,0.68,6.72,5.35,54.56,-49.21,8.93,0.61,6.21,27,32,5,8.7,85.89,94.58
"48","N.J","2008-2009",82,496.43,116,698,-582,14.25,14.02,84.36,10,57,-47,14.93,1.21,6.89,7.21,45.68,-38.47,13.63,0.87,5.52,13,23,10,12.66,86.13,98.79
"49","NSH","2008-2009",82,512.14,129,641,-512,16.75,15.11,75.1,9,44,-35,16.98,1.05,5.15,7.63,41.7,-34.07,15.47,0.89,4.89,21,26,5,10.11,86.79,96.9
"50","NYI","2008-2009",82,533.65,141,892,-751,13.65,15.85,100.29,10,64,-54,13.51,1.12,7.2,8.96,58.96,-50,13.19,1.01,6.63,24,25,1,10.75,86.89,97.64
"51","NYR","2008-2009",82,494.59,122,705,-583,14.75,14.8,85.53,7,33,-26,17.5,0.85,4,7.83,51.8,-43.97,13.13,0.95,6.28,17,29,12,8.75,91.6,100.35
"52","OTT","2008-2009",82,539.91,148,768,-620,16.16,16.45,85.35,8,57,-49,12.31,0.89,6.33,7.73,46.7,-38.97,14.2,0.86,5.19,24,24,0,8.25,85.89,94.14
"53","PHI","2008-2009",82,587.3,161,917,-756,14.94,16.45,93.68,14,55,-41,20.29,1.43,5.62,9.1,62.92,-53.82,12.64,0.93,6.43,24,30,6,13.33,88.93,102.27
"54","PIT","2008-2009",82,541.44,113,852,-739,11.71,12.52,94.41,7,56,-49,11.11,0.78,6.21,7.08,53.15,-46.07,11.75,0.78,5.89,15,19,4,8.97,87.36,96.33
"55","S.J","2008-2009",82,450.02,110,640,-530,14.67,14.67,85.33,11,39,-28,22,1.47,5.2,6.32,43.84,-37.52,12.6,0.84,5.85,14,30,16,17.46,88.95,106.41
"56","STL","2008-2009",82,555.05,105,887,-782,10.58,11.35,95.88,8,54,-46,12.9,0.86,5.84,5.92,48.93,-43.01,10.79,0.64,5.29,12,34,22,13.11,87.81,100.93
"57","T.B","2008-2009",82,589.01,95,937,-842,9.21,9.68,95.45,4,71,-67,5.33,0.41,7.23,5.54,57.37,-51.83,8.81,0.56,5.84,23,26,3,6.78,85.94,92.72
"58","TOR","2008-2009",81,455.75,95,822,-727,10.36,12.51,108.22,6,72,-66,7.69,0.79,9.48,5.64,57.59,-51.95,8.92,0.74,7.58,24,27,3,10.91,82.22,93.13
"59","VAN","2008-2009",81,527.42,94,766,-672,10.93,10.69,87.14,7,58,-51,10.77,0.8,6.6,5.68,49.5,-43.82,10.29,0.65,5.63,20,30,10,12.07,85.78,97.85
"60","WSH","2008-2009",82,564.39,138,896,-758,13.35,14.67,95.25,4,63,-59,5.97,0.43,6.7,7.27,59.5,-52.23,10.89,0.77,6.33,29,29,0,4.76,87.14,91.9
"61","ANA","2009-2010",82,482.22,112,813,-701,12.11,13.94,101.16,7,57,-50,10.94,0.87,7.09,5.89,54.9,-49.01,9.69,0.73,6.83,13,20,7,10.61,87.44,98.05
"62","ARI","2009-2010",82,488.32,121,789,-668,13.3,14.87,96.94,2,40,-38,4.76,0.25,4.91,6.45,47.57,-41.12,11.94,0.79,5.84,22,30,8,2.7,90.61,93.31
"63","ATL","2009-2010",82,504.03,119,809,-690,12.82,14.17,96.3,9,50,-41,15.25,1.07,5.95,6.84,54.67,-47.83,11.12,0.81,6.51,18,21,3,11.84,89.2,101.04
"64","BOS","2009-2010",82,436.2,129,593,-464,17.87,17.74,81.57,6,33,-27,15.38,0.83,4.54,9.35,45.47,-36.12,17.06,1.29,6.25,20,22,2,7.23,90.76,97.99
"65","BUF","2009-2010",82,449.67,81,672,-591,10.76,10.81,89.67,4,32,-28,11.11,0.53,4.27,4.02,43.01,-38.99,8.55,0.54,5.74,12,14,2,7.14,91.37,98.52
"66","CAR","2009-2010",81,487.38,126,796,-670,13.67,15.51,97.99,7,56,-49,11.11,0.86,6.89,8.39,57.42,-49.03,12.75,1.03,7.07,18,28,10,9.09,86.67,95.76
"67","CBJ","2009-2010",81,488.41,103,772,-669,11.77,12.65,94.84,6,55,-49,9.84,0.74,6.76,6.48,49.23,-42.75,11.63,0.8,6.05,20,30,10,8.57,87,95.57
"68","CGY","2009-2010",82,483.72,116,776,-660,13,14.39,96.25,7,46,-39,13.21,0.87,5.71,5.69,46.99,-41.3,10.8,0.71,5.83,19,10,-9,8.75,89.1,97.85
"69","CHI","2009-2010",82,419.26,110,649,-539,14.49,15.74,92.88,13,35,-22,27.08,1.86,5.01,7.95,39.97,-32.02,16.59,1.14,5.72,11,16,5,16.88,89.71,106.59
"70","COL","2009-2010",82,474.18,79,774,-695,9.26,10,97.94,8,56,-48,12.5,1.01,7.09,4.12,47.43,-43.31,7.99,0.52,6,13,20,7,14.81,86.6,101.42
"71","DAL","2009-2010",81,425.88,78,762,-684,9.29,10.99,107.35,8,61,-53,11.59,1.13,8.59,4.75,49.4,-44.65,8.77,0.67,6.96,14,16,2,14.55,84.83,99.37
"72","DET","2009-2010",82,426.37,97,643,-546,13.11,13.65,90.48,7,38,-31,15.56,0.99,5.35,5.4,39.12,-33.72,12.13,0.76,5.51,8,15,7,10.77,89.36,100.12
"73","EDM","2009-2010",82,457.89,90,839,-749,9.69,11.79,109.94,6,55,-49,9.84,0.79,7.21,4.08,49.59,-45.51,7.6,0.53,6.5,22,18,-4,10.71,87.12,97.83
"74","FLA","2009-2010",82,420.55,77,812,-735,8.66,10.99,115.85,4,51,-47,7.27,0.57,7.28,3.86,45.94,-42.08,7.75,0.55,6.55,13,25,12,8.16,87.25,95.41
"75","L.A","2009-2010",82,480.98,86,704,-618,10.89,10.73,87.82,4,52,-48,7.14,0.5,6.49,5.75,47.55,-41.8,10.79,0.72,5.93,19,24,5,6.56,86.39,92.94
"76","MIN","2009-2010",82,470.28,91,654,-563,12.21,11.61,83.44,3,49,-46,5.77,0.38,6.25,5.6,37.67,-32.07,12.94,0.71,4.81,15,26,11,5.45,85.96,91.41
"77","MTL","2009-2010",82,475.87,135,737,-602,15.48,17.02,92.92,3,41,-38,6.82,0.38,5.17,7.53,44.11,-36.58,14.58,0.95,5.56,16,19,3,3.66,88.92,92.58
"78","N.J","2009-2010",82,386.6,93,500,-407,15.68,14.43,77.6,4,40,-36,9.09,0.62,6.21,5.99,33.33,-27.34,15.23,0.93,5.17,7,13,6,6.06,85.66,91.72
"79","NSH","2009-2010",82,369.41,82,553,-471,12.91,13.32,89.82,4,49,-45,7.55,0.65,7.96,4.68,36.47,-31.79,11.37,0.76,5.92,15,17,2,7.69,85.02,92.71
"80","NYI","2009-2010",81,446.18,109,795,-686,12.06,14.66,106.91,7,67,-60,9.46,0.94,9.01,7.02,54.81,-47.79,11.35,0.94,7.37,16,25,9,9.72,84.12,93.85
"81","NYR","2009-2010",82,475.96,124,712,-588,14.83,15.63,89.76,2,41,-39,4.65,0.25,5.17,6.87,48.63,-41.76,12.38,0.87,6.13,18,27,9,2.86,88.22,91.08
"82","OTT","2009-2010",82,498.45,120,845,-725,12.44,14.44,101.72,4,43,-39,8.51,0.48,5.18,8.96,50.14,-41.18,15.16,1.08,6.04,14,25,11,5,90.49,95.49
"83","PHI","2009-2010",82,512.8,116,784,-668,12.89,13.57,91.73,5,52,-47,8.77,0.59,6.08,7.48,46.59,-39.11,13.83,0.88,5.45,15,23,8,6.94,85.83,92.78
"84","PIT","2009-2010",81,515.88,137,788,-651,14.81,15.93,91.65,7,45,-38,13.46,0.81,5.23,7.67,48.1,-40.43,13.75,0.89,5.59,20,30,10,7.95,88.69,96.65
"85","S.J","2009-2010",81,486.8,102,773,-671,11.66,12.57,95.28,7,45,-38,13.46,0.86,5.55,5.72,56.64,-50.92,9.17,0.71,6.98,21,29,8,10.94,89.44,100.37
"86","STL","2009-2010",82,550.23,107,885,-778,10.79,11.67,96.51,5,40,-35,11.11,0.55,4.36,5.81,54.12,-48.31,9.69,0.63,5.9,16,25,9,6.41,91.45,97.86
"87","T.B","2009-2010",82,520.07,98,809,-711,10.8,11.31,93.33,3,62,-59,4.62,0.35,7.15,5.64,53.96,-48.32,9.46,0.65,6.23,22,37,15,4.69,86.43,91.12
"88","TOR","2009-2010",82,434.53,87,754,-667,10.34,12.01,104.11,4,59,-55,6.35,0.55,8.15,4.8,54.46,-49.66,8.1,0.66,7.52,15,21,6,7.14,85.14,92.28
"89","VAN","2009-2010",82,496.85,97,776,-679,11.11,11.71,93.71,9,55,-46,14.06,1.09,6.64,5.6,49.16,-43.56,10.23,0.68,5.94,25,34,9,13.43,86.39,99.82
"90","WSH","2009-2010",82,486.46,129,753,-624,14.63,15.91,92.88,4,57,-53,6.56,0.49,7.03,6.87,43.55,-36.68,13.63,0.85,5.37,24,20,-4,4.55,85.5,90.04
"91","ANA","2010-2011",82,475.16,68,861,-793,7.32,8.59,108.72,7,51,-44,12.07,0.88,6.44,4.76,51.7,-46.94,8.43,0.6,6.53,20,21,1,12.96,88.38,101.35
"92","ARI","2010-2011",82,433,85,785,-700,9.77,11.78,108.78,5,56,-51,8.2,0.69,7.76,3.75,52.04,-48.29,6.72,0.52,7.21,20,23,3,10.2,87.36,97.56
"93","ATL","2010-2011",82,415.57,123,678,-555,15.36,17.76,97.89,6,56,-50,9.68,0.87,8.09,8.46,49.61,-41.15,14.57,1.22,7.16,17,32,15,7.41,84.57,91.98
"94","BOS","2010-2011",82,414.93,133,666,-533,16.65,19.23,96.31,9,41,-32,18,1.3,5.93,7.73,42.22,-34.49,15.48,1.12,6.11,11,23,12,10.84,88.77,99.61
"95","BUF","2010-2011",82,452.47,80,715,-635,10.06,10.61,94.81,2,36,-34,5.26,0.27,4.77,4.42,42.99,-38.57,9.32,0.59,5.7,23,19,-4,3.77,90.43,94.2
"96","CAR","2010-2011",81,408.4,106,721,-615,12.82,15.57,105.93,4,44,-40,8.33,0.59,6.46,6.46,50.61,-44.15,11.32,0.95,7.44,11,23,12,6.25,88.69,94.94
"97","CBJ","2010-2011",82,484.38,104,768,-664,11.93,12.88,95.13,7,56,-49,11.11,0.87,6.94,5.91,49.85,-43.94,10.6,0.73,6.17,14,31,17,11.11,87.01,98.12
"98","CGY","2010-2011",82,444.42,110,692,-582,13.72,14.85,93.43,7,45,-38,13.46,0.95,6.08,5.63,41.81,-36.18,11.87,0.76,5.64,12,25,13,11.86,87.7,99.57
"99","CHI","2010-2011",82,400.28,86,685,-599,11.15,12.89,102.68,5,46,-41,9.8,0.75,6.9,4.77,41.33,-36.56,10.35,0.71,6.2,11,8,-3,9.09,87.04,96.13
"100","COL","2010-2011",82,475.53,114,780,-666,12.75,14.38,98.42,7,68,-61,9.33,0.88,8.58,6.43,53.89,-47.46,10.66,0.81,6.8,19,20,1,8.86,83.41,92.28
"101","DAL","2010-2011",82,449.6,88,746,-658,10.55,11.74,99.56,9,47,-38,16.07,1.2,6.27,5.34,44.31,-38.97,10.76,0.71,5.91,14,14,0,14.52,87.82,102.34
"102","DET","2010-2011",82,467.03,103,689,-586,13.01,13.23,88.52,5,45,-40,10,0.64,5.78,6,48.87,-42.87,10.93,0.77,6.28,13,24,11,7.94,88.34,96.28
"103","EDM","2010-2011",82,491.88,119,842,-723,12.38,14.52,102.71,8,69,-61,10.39,0.98,8.42,8.17,58.27,-50.1,12.3,1,7.11,18,24,6,10.13,85.13,95.26
"104","FLA","2010-2011",82,440.45,76,718,-642,9.57,10.35,97.81,3,32,-29,8.57,0.41,4.36,3.6,47.22,-43.62,7.08,0.49,6.43,15,12,-3,6,91.58,97.58
"105","L.A","2010-2011",82,433.5,74,627,-553,10.56,10.24,86.78,3,32,-29,8.57,0.42,4.43,3.69,38.04,-34.35,8.84,0.51,5.27,11,16,5,6,90.72,96.72
"106","MIN","2010-2011",82,476.71,97,736,-639,11.64,12.21,92.63,6,47,-41,11.32,0.76,5.92,5.33,44.12,-38.79,10.78,0.67,5.55,17,30,13,11.11,88.7,99.81
"107","MTL","2010-2011",82,517.59,145,779,-634,15.69,16.81,90.3,5,40,-35,11.11,0.58,4.64,7.45,51.33,-43.88,12.67,0.86,5.95,20,24,4,5.21,90.36,95.57
"108","N.J","2010-2011",82,399.2,84,518,-434,13.95,12.63,77.86,3,36,-33,7.69,0.45,5.41,2.89,33.3,-30.41,7.99,0.43,5.01,11,10,-1,6.12,87.71,93.84
"109","NSH","2010-2011",82,442.61,97,671,-574,12.63,13.15,90.96,3,36,-33,7.69,0.41,4.88,5.35,42.63,-37.28,11.15,0.73,5.78,14,25,11,4.84,89.94,94.78
"110","NYI","2010-2011",82,479.65,134,742,-608,15.3,16.76,92.82,12,44,-32,21.43,1.5,5.5,9.23,47.53,-38.3,16.26,1.15,5.95,31,32,1,13.19,88.97,102.16
"111","NYR","2010-2011",82,416.15,100,671,-571,12.97,14.42,96.74,9,37,-28,19.57,1.3,5.33,6.32,42.65,-36.33,12.91,0.91,6.15,11,20,9,15.25,89.05,104.31
"112","OTT","2010-2011",82,480.88,106,804,-698,11.65,13.23,100.32,6,42,-36,12.5,0.75,5.24,7.12,52.32,-45.2,11.98,0.89,6.53,20,22,2,8.82,90.58,99.41
"113","PHI","2010-2011",82,490.7,147,723,-576,16.9,17.97,88.4,12,42,-30,22.22,1.47,5.14,7.46,45.03,-37.57,14.21,0.91,5.51,16,15,-1,12.9,87.93,100.83
"114","PIT","2010-2011",82,509.7,131,702,-571,15.73,15.42,82.64,11,39,-28,22,1.29,4.59,7.88,42.85,-34.97,15.53,0.93,5.04,25,28,3,12.79,89.9,102.69
"115","S.J","2010-2011",82,417.88,95,679,-584,12.27,13.64,97.49,4,50,-46,7.41,0.57,7.18,6.49,43.07,-36.58,13.1,0.93,6.18,10,13,3,6.56,86.34,92.9
"116","STL","2010-2011",82,425.93,82,645,-563,11.28,11.55,90.86,5,46,-41,9.8,0.7,6.48,5.3,41.49,-36.19,11.33,0.75,5.84,33,21,-12,8.33,86.23,94.56
"117","T.B","2010-2011",82,476.22,79,729,-650,9.78,9.95,91.85,1,37,-36,2.63,0.13,4.66,4.39,39.18,-34.79,10.08,0.55,4.94,18,20,2,1.85,89.75,91.6
"118","TOR","2010-2011",82,433.1,122,658,-536,15.64,16.9,91.16,4,57,-53,6.56,0.55,7.9,4.93,42.26,-37.33,10.45,0.68,5.85,15,22,7,5.48,83.14,88.62
"119","VAN","2010-2011",82,484.45,123,707,-584,14.82,15.23,87.56,4,37,-33,9.76,0.5,4.58,5.92,45.72,-39.8,11.46,0.73,5.66,14,23,9,5.19,90.68,95.87
"120","WSH","2010-2011",82,480.57,115,695,-580,14.2,14.36,86.77,6,37,-31,13.95,0.75,4.62,5.77,45.83,-40.06,11.18,0.72,5.72,15,15,0,7.5,89.95,97.45
"121","ANA","2011-2012",82,439.27,88,711,-623,11.01,12.02,97.12,4,43,-39,8.51,0.55,5.87,5.85,45.47,-39.62,11.4,0.8,6.21,22,24,2,7.27,87.13,94.4
"122","ARI","2011-2012",82,397.82,90,689,-599,11.55,13.57,103.92,6,31,-25,16.22,0.9,4.68,5.32,46.48,-41.16,10.27,0.8,7.01,12,20,8,11.32,91.51,102.83
"123","BOS","2011-2012",82,396.3,108,579,-471,15.72,16.35,87.66,8,34,-26,19.05,1.21,5.15,8.15,35.5,-27.35,18.67,1.23,5.37,18,25,7,10.13,89.51,99.63
"124","BUF","2011-2012",82,403.67,70,642,-572,9.83,10.4,95.42,5,44,-39,10.2,0.74,6.54,3.22,41.63,-38.41,7.18,0.48,6.19,11,15,4,10,88.11,98.11
"125","CAR","2011-2012",82,373.79,111,642,-531,14.74,17.82,103.05,12,41,-29,22.64,1.93,6.58,11.69,44.93,-33.24,20.65,1.88,7.21,14,29,15,15.58,87.23,102.81
"126","CBJ","2011-2012",82,412.02,102,591,-489,14.72,14.85,86.06,6,62,-56,8.82,0.87,9.03,5.48,38.51,-33.03,12.46,0.8,5.61,12,32,20,9.52,82.58,92.11
"127","CGY","2011-2012",82,398,75,623,-548,10.74,11.31,93.92,3,35,-32,7.89,0.45,5.28,4.68,43.66,-38.98,9.68,0.71,6.58,17,19,2,6.82,88.85,95.67
"128","CHI","2011-2012",82,377.37,79,631,-552,11.13,12.56,100.33,7,47,-40,12.96,1.11,7.47,6.54,45.93,-39.39,12.46,1.04,7.3,5,14,9,13.46,86.57,100.03
"129","COL","2011-2012",82,458.15,113,657,-544,14.68,14.8,86.04,5,43,-38,10.42,0.65,5.63,6.74,40.06,-33.32,14.4,0.88,5.25,10,14,4,6.17,86.26,92.43
"130","DAL","2011-2012",82,459.6,110,760,-650,12.64,14.36,99.22,3,47,-44,6,0.39,6.14,4.91,47.54,-42.63,9.36,0.64,6.21,17,26,9,4.84,88.73,93.57
"131","DET","2011-2012",82,433.57,81,676,-595,10.7,11.21,93.55,1,45,-44,2.17,0.14,6.23,5.12,44.01,-38.89,10.42,0.71,6.09,10,17,7,1.79,86.49,88.27
"132","EDM","2011-2012",82,470.68,70,685,-615,9.27,8.92,87.32,4,45,-41,8.16,0.51,5.74,5.06,51.63,-46.57,8.93,0.65,6.58,17,18,1,8,87.6,95.6
"133","FLA","2011-2012",82,368.3,77,575,-498,11.81,12.54,93.67,3,43,-40,6.52,0.49,7.01,3.84,40.2,-36.36,8.72,0.63,6.55,15,15,0,6,87.01,93.01
"134","L.A","2011-2012",82,483.97,75,729,-654,9.33,9.3,90.38,8,35,-27,18.6,0.99,4.34,6.25,47.1,-40.85,11.72,0.77,5.84,12,21,9,15.09,91.07,106.17
"135","MIN","2011-2012",82,450.67,78,695,-617,10.09,10.38,92.53,4,43,-39,8.51,0.53,5.72,4.99,43.37,-38.38,10.32,0.66,5.77,12,28,16,8,88.12,96.12
"136","MTL","2011-2012",82,489.4,125,681,-556,15.51,15.32,83.49,9,35,-26,20.45,1.1,4.29,9.53,39.32,-29.79,19.51,1.17,4.82,12,19,7,11.54,88.64,100.17
"137","N.J","2011-2012",82,420.87,127,564,-437,18.38,18.11,80.4,14,25,-11,35.9,2,3.56,10.64,35.6,-24.96,23.01,1.52,5.08,16,25,9,15.73,91.69,107.42
"138","NSH","2011-2012",82,366.6,57,650,-593,8.06,9.33,106.38,4,37,-33,9.76,0.65,6.06,3.83,42.79,-38.96,8.22,0.63,7,12,25,13,10,88.58,98.58
"139","NYI","2011-2012",82,379.9,89,611,-522,12.71,14.06,96.5,5,38,-33,11.63,0.79,6,9.35,41.81,-32.46,18.28,1.48,6.6,8,18,10,8.33,88.01,96.35
"140","NYR","2011-2012",82,419.88,101,681,-580,12.92,14.43,97.31,8,33,-25,19.51,1.14,4.72,7.74,42.5,-34.76,15.41,1.11,6.07,15,27,12,11.59,89.75,101.35
"141","OTT","2011-2012",82,489.35,127,743,-616,14.6,15.57,91.1,7,52,-45,11.86,0.86,6.38,6.92,48.7,-41.78,12.44,0.85,5.97,9,18,9,8.75,87.79,96.54
"142","PHI","2011-2012",82,483.78,143,685,-542,17.27,17.74,84.96,6,51,-45,10.53,0.74,6.33,11.31,49.85,-38.54,18.49,1.4,6.18,18,23,5,6.25,84.5,90.75
"143","PIT","2011-2012",82,434.45,112,572,-460,16.37,15.47,79,9,31,-22,22.5,1.24,4.28,6.95,34.29,-27.34,16.85,0.96,4.74,14,19,5,14.06,89.24,103.3
"144","S.J","2011-2012",82,340.39,55,572,-517,8.77,9.69,100.83,3,45,-42,6.25,0.53,7.93,3.23,37.96,-34.73,7.84,0.57,6.69,11,10,-1,9.09,84.32,93.41
"145","STL","2011-2012",82,454.6,94,669,-575,12.32,12.41,88.3,7,34,-27,17.07,0.92,4.49,8.39,42.15,-33.76,16.6,1.11,5.56,9,26,17,10.14,89.63,99.78
"146","T.B","2011-2012",82,427.92,74,733,-659,9.17,10.38,102.78,2,53,-51,3.64,0.28,7.43,5.58,48.42,-42.84,10.33,0.78,6.79,14,24,10,3.92,86.05,89.97
"147","TOR","2011-2012",82,372.07,84,625,-541,11.85,13.55,100.79,4,46,-42,8,0.65,7.42,3.65,39.71,-36.06,8.42,0.59,6.4,15,18,3,7.69,85.49,93.18
"148","VAN","2011-2012",82,465.63,107,677,-570,13.65,13.79,87.24,7,38,-31,15.56,0.9,4.9,6.75,50.64,-43.89,11.76,0.87,6.53,10,25,15,10.61,90.48,101.08
"149","WPG","2011-2012",82,443.95,106,735,-629,12.6,14.33,99.34,3,50,-47,5.66,0.41,6.76,7.11,50.52,-43.41,12.34,0.96,6.83,17,12,-5,4.84,86.74,91.58
"150","WSH","2011-2012",82,421.57,75,700,-625,9.68,10.67,99.63,3,47,-44,6,0.43,6.69,4.29,43.4,-39.11,9,0.61,6.18,13,16,3,6.82,86.46,93.27
"151","ANA","2012-2013",48,247.87,69,366,-297,15.86,16.7,88.59,4,27,-23,12.9,0.97,6.54,4.33,22.01,-17.68,16.44,1.05,5.33,5,13,8,8.7,85,93.7
"152","ARI","2012-2013",48,247.94,55,385,-330,12.5,13.31,93.17,2,28,-26,6.67,0.48,6.78,3.36,24.5,-21.14,12.06,0.81,5.93,8,11,3,5.71,85.86,91.57
"153","BOS","2012-2013",48,261.04,79,342,-263,18.76,18.16,78.61,4,17,-13,19.05,0.92,3.91,7.33,19.21,-11.88,27.62,1.68,4.42,9,10,1,6.9,90,96.9
"154","BUF","2012-2013",48,265.25,49,437,-388,10.08,11.08,98.85,7,29,-22,19.44,1.58,6.56,2.18,30.2,-28.02,6.73,0.49,6.83,12,18,6,20,87.76,107.76
"155","CAR","2012-2013",48,236.02,61,389,-328,13.56,15.51,98.89,2,34,-32,5.56,0.51,8.64,3.73,26.97,-23.24,12.15,0.95,6.86,8,14,6,5.88,85.59,91.48
"156","CBJ","2012-2013",48,230.54,49,321,-272,13.24,12.75,83.54,3,20,-17,13.04,0.78,5.21,4.37,18.4,-14.03,19.19,1.14,4.79,3,9,6,9.68,88.44,98.12
"157","CGY","2012-2013",48,236.5,42,359,-317,10.47,10.66,91.08,5,25,-20,16.67,1.27,6.34,2.16,22.98,-20.82,8.59,0.55,5.83,6,9,3,21.74,87.11,108.85
"158","CHI","2012-2013",48,229.6,60,352,-292,14.56,15.68,91.99,5,18,-13,21.74,1.31,4.7,4.32,19.33,-15.01,18.27,1.13,5.05,6,10,4,12.5,89.77,102.27
"159","COL","2012-2013",48,282.94,54,477,-423,10.17,11.45,101.15,3,30,-27,9.09,0.64,6.36,3.52,30.96,-27.44,10.21,0.75,6.57,10,9,-1,8.11,87.55,95.66
"160","DAL","2012-2013",48,274.71,62,485,-423,11.33,13.54,105.93,2,29,-27,6.45,0.44,6.33,4.97,33.26,-28.29,13,1.09,7.26,13,18,5,5.41,88.58,93.99
"161","DET","2012-2013",48,249.49,42,367,-325,10.27,10.1,88.26,2,27,-25,6.9,0.48,6.49,2.29,24.96,-22.67,8.4,0.55,6,10,16,6,7.69,86.43,94.12
"162","EDM","2012-2013",48,283.3,53,456,-403,10.41,11.22,96.58,4,26,-22,13.33,0.85,5.51,3.81,30.58,-26.77,11.08,0.81,6.48,9,9,0,12.12,89.56,101.68
"163","FLA","2012-2013",48,244.38,49,359,-310,12.01,12.03,88.14,2,33,-31,5.71,0.49,8.1,3.48,25.2,-21.72,12.13,0.85,6.19,8,6,-2,6.06,83.66,89.72
"164","L.A","2012-2013",48,242.85,51,369,-318,12.14,12.6,91.17,2,22,-20,8.33,0.49,5.44,3,22.64,-19.64,11.7,0.74,5.59,9,12,3,7.69,87.5,95.19
"165","MIN","2012-2013",48,220.41,43,289,-246,12.95,11.71,78.67,1,24,-23,4,0.27,6.53,2.21,18.63,-16.42,10.6,0.6,5.07,5,10,5,4.35,85.88,90.23
"166","MTL","2012-2013",48,255.57,53,364,-311,12.71,12.44,85.46,0,29,-29,0,0,6.81,2.84,23.27,-20.43,10.88,0.67,5.46,10,20,10,0,84.32,84.32
"167","N.J","2012-2013",48,252.26,76,301,-225,20.16,18.08,71.59,11,27,-16,28.95,2.62,6.42,5.48,19.08,-13.6,22.31,1.3,4.54,6,15,9,22.92,82.35,105.27
"168","NSH","2012-2013",48,213.06,24,320,-296,6.98,6.76,90.12,1,28,-27,3.45,0.28,7.89,2.07,19.48,-17.41,9.61,0.58,5.49,4,7,3,7.69,83.13,90.82
"169","NYI","2012-2013",48,214.7,49,319,-270,13.32,13.69,89.15,1,24,-23,4,0.28,6.71,3.48,20.09,-16.61,14.76,0.97,5.61,11,10,-1,3.45,87.37,90.82
"170","NYR","2012-2013",48,225.93,54,339,-285,13.74,14.34,90.03,5,28,-23,15.15,1.33,7.44,4.78,23.96,-19.18,16.63,1.27,6.36,7,11,4,15.15,84.78,99.93
"171","OTT","2012-2013",48,268.23,72,388,-316,15.65,16.11,86.79,2,17,-15,10.53,0.45,3.8,4.28,26.46,-22.18,13.92,0.96,5.92,10,13,3,4.44,92.77,97.21
"172","PHI","2012-2013",48,276.61,72,376,-304,16.07,15.62,81.56,2,23,-21,8,0.43,4.99,3.99,23.4,-19.41,14.57,0.87,5.08,10,6,-4,4.26,87.77,92.02
"173","PIT","2012-2013",48,251.47,24,371,-347,6.08,5.73,88.52,1,31,-30,3.12,0.24,7.4,1.05,23.92,-22.87,4.21,0.25,5.71,14,20,6,6.25,84.58,90.83
"174","S.J","2012-2013",48,221.08,34,331,-297,9.32,9.23,89.83,3,20,-17,13.04,0.81,5.43,2.2,21.16,-18.96,9.42,0.6,5.74,10,12,2,12.5,87.8,100.3
"175","STL","2012-2013",48,243.19,37,335,-298,9.95,9.13,82.65,2,21,-19,8.7,0.49,5.18,1.75,18.12,-16.37,8.81,0.43,4.47,8,9,1,8.33,85.62,93.95
"176","T.B","2012-2013",48,243.48,41,397,-356,9.36,10.1,97.83,0,24,-24,0,0,5.91,2.66,26.39,-23.73,9.16,0.66,6.5,12,7,-5,0,87.76,87.76
"177","TOR","2012-2013",48,262.03,40,378,-338,9.57,9.16,86.55,1,19,-18,5,0.23,4.35,1.52,20.71,-19.19,6.84,0.35,4.74,7,11,4,5.26,89.67,94.94
"178","VAN","2012-2013",48,267.63,50,361,-311,12.17,11.21,80.93,0,24,-24,0,0,5.38,2.96,24.38,-21.42,10.83,0.66,5.47,11,9,-2,0,87.5,87.5
"179","WPG","2012-2013",48,207.88,57,290,-233,16.43,16.45,83.7,1,23,-22,4.17,0.29,6.64,3.59,18.82,-15.23,16.02,1.04,5.43,12,15,3,2.63,85.98,88.61
"180","WSH","2012-2013",48,251.26,51,435,-384,10.49,12.18,103.88,3,28,-25,9.68,0.72,6.69,2.68,28.97,-26.29,8.47,0.64,6.92,7,9,2,10.34,88.71,99.05
"181","ANA","2013-2014",82,421.95,98,735,-637,11.76,13.94,104.51,10,44,-34,18.52,1.42,6.26,8.84,47.26,-38.42,15.76,1.26,6.72,7,14,7,14.71,87.5,102.21
"182","ARI","2013-2014",82,406.69,81,708,-627,10.27,11.95,104.45,3,51,-48,5.56,0.44,7.52,4.6,46.77,-42.17,8.95,0.68,6.9,10,20,10,5.66,86.92,92.58
"183","BOS","2013-2014",82,417.75,114,638,-524,15.16,16.37,91.63,8,40,-32,16.67,1.15,5.75,7.62,40.03,-32.41,15.99,1.09,5.75,16,15,-1,10.13,88.27,98.4
"184","BUF","2013-2014",82,458.8,72,781,-709,8.44,9.42,102.14,5,46,-41,9.8,0.65,6.02,4.16,52.6,-48.44,7.33,0.54,6.88,15,17,2,9.8,89.8,99.6
"185","CAR","2013-2014",82,363.92,93,528,-435,14.98,15.33,87.05,11,36,-25,23.4,1.81,5.94,5.07,38.52,-33.45,11.63,0.84,6.35,6,19,13,19.64,88.08,107.72
"186","CBJ","2013-2014",82,454.98,107,731,-624,12.77,14.11,96.4,8,45,-37,15.09,1.05,5.93,8.82,46.81,-37.99,15.85,1.16,6.17,10,19,9,10.96,89.51,100.47
"187","CGY","2013-2014",82,382,90,595,-505,13.14,14.14,93.46,12,40,-28,23.08,1.88,6.28,7.89,39.13,-31.24,16.78,1.24,6.15,9,15,6,20,86.8,106.8
"188","CHI","2013-2014",82,385.1,78,610,-532,11.34,12.15,95.04,8,40,-32,16.67,1.25,6.23,5.18,38.17,-32.99,11.95,0.81,5.95,14,16,2,16,87.58,103.58
"189","COL","2013-2014",82,401.91,72,690,-618,9.45,10.75,103.01,3,41,-38,6.82,0.45,6.12,3.64,46.3,-42.66,7.29,0.54,6.91,10,12,2,5.88,89.59,95.48
"190","DAL","2013-2014",82,389.93,102,651,-549,13.55,15.7,100.17,8,42,-34,16,1.23,6.46,7.53,46.55,-39.02,13.92,1.16,7.16,25,27,2,11.94,88.27,100.21
"191","DET","2013-2014",82,455.1,77,707,-630,9.82,10.15,93.21,3,44,-41,6.38,0.4,5.8,5.86,45.57,-39.71,11.39,0.77,6.01,13,26,13,5.45,88.11,93.56
"192","EDM","2013-2014",82,440.25,71,789,-718,8.26,9.68,107.53,3,42,-39,6.67,0.41,5.72,4.04,54.01,-49.97,6.96,0.55,7.36,13,23,10,6.38,89.86,96.24
"193","FLA","2013-2014",82,397.13,86,637,-551,11.89,12.99,96.24,8,58,-50,12.12,1.21,8.76,5.63,46.5,-40.87,10.8,0.85,7.03,12,12,0,13.33,85.35,98.69
"194","L.A","2013-2014",82,467.75,91,731,-640,11.07,11.67,93.77,6,47,-41,11.32,0.77,6.03,5.96,47.62,-41.66,11.12,0.76,6.11,9,14,5,10.34,87.79,98.14
"195","MIN","2013-2014",82,420.34,74,607,-533,10.87,10.56,86.64,4,49,-45,7.55,0.57,6.99,4.64,40.66,-36.02,10.24,0.66,5.8,11,15,4,8.51,86.12,94.63
"196","MTL","2013-2014",82,476,118,783,-665,13.1,14.87,98.7,6,39,-33,13.33,0.76,4.92,8.75,47.24,-38.49,15.63,1.1,5.95,19,22,3,7.79,89.82,97.61
"197","N.J","2013-2014",82,447.12,84,632,-548,11.73,11.27,84.81,7,31,-24,18.42,0.94,4.16,5.57,42.47,-36.9,11.59,0.75,5.7,8,13,5,12.96,90.75,103.71
"198","NSH","2013-2014",82,389.52,57,628,-571,8.32,8.78,96.73,2,44,-42,4.35,0.31,6.78,2.57,40.78,-38.21,5.93,0.4,6.28,5,18,13,5.56,85.9,91.45
"199","NYI","2013-2014",82,416.77,129,660,-531,16.35,18.57,95.02,8,57,-49,12.31,1.15,8.21,11.37,46.57,-35.2,19.62,1.64,6.7,8,28,20,10,83.24,93.24
"200","NYR","2013-2014",82,366.18,86,544,-458,13.65,14.09,89.14,10,30,-20,25,1.64,4.92,6.1,38.14,-32.04,13.79,1,6.25,10,20,10,17.86,90.26,108.12
"201","OTT","2013-2014",82,479.73,138,678,-540,16.91,17.26,84.8,5,54,-49,8.47,0.63,6.75,7.73,45.43,-37.7,14.54,0.97,5.68,23,27,4,5.75,86.36,92.11
"202","PHI","2013-2014",82,522.12,137,718,-581,16.02,15.74,82.51,6,43,-37,12.24,0.69,4.94,7.34,44.37,-37.03,14.19,0.84,5.1,16,14,-2,6.45,88.41,94.86
"203","PIT","2013-2014",82,408.39,42,686,-644,5.77,6.17,100.79,3,36,-33,7.69,0.44,5.29,4.34,45.4,-41.06,8.73,0.64,6.67,9,18,9,9.38,90.93,100.31
"204","S.J","2013-2014",82,352.4,84,554,-470,13.17,14.3,94.32,8,30,-22,21.05,1.36,5.11,7.44,34.11,-26.67,17.91,1.27,5.81,7,17,10,14.55,88.28,102.83
"205","STL","2013-2014",82,472.93,104,676,-572,13.33,13.19,85.76,6,37,-31,13.95,0.76,4.69,5.09,42.28,-37.19,10.75,0.65,5.36,20,24,4,8.82,88.86,97.68
"206","T.B","2013-2014",82,443.63,87,757,-670,10.31,11.77,102.38,10,51,-41,16.39,1.35,6.9,5.97,42.37,-36.4,12.35,0.81,5.73,8,16,8,17.24,87.47,104.71
"207","TOR","2013-2014",82,423.2,57,747,-690,7.09,8.08,105.91,6,49,-43,10.91,0.85,6.95,3.63,50.36,-46.73,6.72,0.51,7.14,11,13,2,13.95,88.16,102.12
"208","VAN","2013-2014",82,433.13,96,600,-504,13.79,13.3,83.12,5,36,-31,12.2,0.69,4.99,5.32,37.41,-32.09,12.45,0.74,5.18,8,21,13,8.93,87.28,96.21
"209","WPG","2013-2014",82,446.1,125,705,-580,15.06,16.81,94.82,5,49,-44,9.26,0.67,6.59,9.43,51.47,-42.04,15.48,1.27,6.92,10,22,12,6.94,86.46,93.41
"210","WSH","2013-2014",82,449.74,81,870,-789,8.52,10.81,116.07,4,46,-42,8,0.53,6.14,5.24,53.25,-48.01,8.96,0.7,7.1,16,21,5,7.41,90.42,97.82
"211","ANA","2014-2015",82,401.1,122,603,-481,16.83,18.25,90.2,6,41,-35,12.77,0.9,6.13,8,37.75,-29.75,17.49,1.2,5.65,11,9,-2,7.32,86.33,93.65
"212","ARI","2014-2015",82,438.72,87,866,-779,9.13,11.9,118.44,4,60,-56,6.25,0.55,8.21,5.63,57.96,-52.33,8.85,0.77,7.93,11,12,1,7.14,86.81,93.96
"213","BOS","2014-2015",82,389.97,102,615,-513,14.23,15.69,94.62,7,43,-36,14,1.08,6.62,6.73,40.22,-33.49,14.33,1.04,6.19,11,8,-3,9.59,86.69,96.28
"214","BUF","2014-2015",82,408.73,56,734,-678,7.09,8.22,107.75,6,60,-54,9.09,0.88,8.81,3.58,47.08,-43.5,7.07,0.53,6.91,14,15,1,15,84.25,99.25
"215","CAR","2014-2015",82,317.79,61,458,-397,11.75,11.52,86.47,2,27,-25,6.9,0.38,5.1,3.39,31.89,-28.5,9.61,0.64,6.02,8,11,3,5,88.75,93.75
"216","CBJ","2014-2015",82,495.58,94,796,-702,10.56,11.38,96.37,5,53,-48,8.62,0.61,6.42,6.22,55.43,-49.21,10.09,0.75,6.71,14,11,-3,8.2,89.09,97.29
"217","CGY","2014-2015",82,304.8,74,468,-394,13.65,14.57,92.13,5,33,-28,13.16,0.98,6.5,5.48,32.64,-27.16,14.38,1.08,6.43,5,12,7,9.62,85.9,95.51
"218","CHI","2014-2015",82,349,71,578,-507,10.94,12.21,99.37,2,35,-33,5.41,0.34,6.02,4.92,35.23,-30.31,12.25,0.85,6.06,7,14,7,4.26,89.3,93.55
"219","COL","2014-2015",82,391.93,69,660,-591,9.47,10.56,101.04,4,30,-26,11.76,0.61,4.59,3.64,48.05,-44.41,7.04,0.56,7.36,6,10,4,9.09,91.78,100.87
"220","DAL","2014-2015",82,407.62,117,647,-530,15.31,17.22,95.24,7,44,-37,13.73,1.03,6.48,8.52,45.01,-36.49,15.92,1.25,6.63,11,21,10,9.86,86.79,96.65
"221","DET","2014-2015",82,441.77,87,713,-626,10.88,11.82,96.84,3,48,-45,5.88,0.41,6.52,5.36,46.11,-40.75,10.41,0.73,6.26,18,19,1,5.08,87.72,92.81
"222","EDM","2014-2015",82,359.9,73,564,-491,11.46,12.17,94.03,4,47,-43,7.84,0.67,7.84,4.67,37.88,-33.21,10.98,0.78,6.32,10,8,-2,8.51,84.69,93.2
"223","FLA","2014-2015",82,383.68,66,590,-524,10.06,10.32,92.26,0,42,-42,0,0,6.57,4.05,37.94,-33.89,9.65,0.63,5.93,18,21,3,0,87.65,87.65
"224","L.A","2014-2015",82,392.42,92,611,-519,13.09,14.07,93.42,7,41,-34,14.58,1.07,6.27,6,38.19,-32.19,13.58,0.92,5.84,11,14,3,11.11,86.42,97.53
"225","MIN","2014-2015",82,376.03,77,563,-486,12.03,12.29,89.83,4,31,-27,11.43,0.64,4.95,3.92,31.66,-27.74,11.02,0.63,5.05,12,19,7,9.09,89.01,98.1
"226","MTL","2014-2015",82,410.26,81,637,-556,11.28,11.85,93.16,5,35,-30,12.5,0.73,5.12,5.56,43.1,-37.54,11.43,0.81,6.3,16,13,-3,9.62,89.46,99.07
"227","N.J","2014-2015",82,444,73,713,-640,9.29,9.86,96.35,6,47,-41,11.32,0.81,6.35,5.23,48.68,-43.45,9.7,0.71,6.58,11,9,-2,12.24,88.16,100.41
"228","NSH","2014-2015",82,375.45,72,570,-498,11.21,11.51,91.09,3,42,-39,6.67,0.48,6.71,4.33,40.35,-36.02,9.69,0.69,6.45,7,14,7,6.38,86.18,92.57
"229","NYI","2014-2015",82,328.08,98,535,-437,15.48,17.92,97.84,8,44,-36,15.38,1.46,8.05,6.79,40.91,-34.12,14.23,1.24,7.48,9,12,3,11.43,84.45,95.88
"230","NYR","2014-2015",82,381.17,118,521,-403,18.47,18.57,82.01,9,31,-22,22.5,1.42,4.88,7.51,35.02,-27.51,17.66,1.18,5.51,12,16,4,10.98,87.98,98.96
"231","OTT","2014-2015",82,424,116,670,-554,14.76,16.42,94.81,6,41,-35,12.77,0.85,5.8,7.71,43.84,-36.13,14.96,1.09,6.2,5,18,13,8.33,89.01,97.34
"232","PHI","2014-2015",82,430.09,85,686,-601,11.02,11.86,95.7,2,55,-53,3.51,0.28,7.67,4.34,46.44,-42.1,8.55,0.61,6.48,10,15,5,3.45,83.92,87.37
"233","PIT","2014-2015",82,436.19,81,745,-664,9.81,11.14,102.48,6,36,-30,14.29,0.83,4.95,5.08,50.02,-44.94,9.22,0.7,6.88,11,20,9,9.52,91.22,100.74
"234","S.J","2014-2015",82,342.75,95,572,-477,14.24,16.63,100.13,4,43,-39,8.51,0.7,7.53,6.32,37.9,-31.58,14.29,1.11,6.63,5,11,6,5.88,85.02,90.9
"235","STL","2014-2015",82,419.67,87,620,-533,12.31,12.44,88.64,2,39,-37,4.88,0.29,5.58,3.26,35.91,-32.65,8.32,0.47,5.13,8,23,15,3.45,87.34,90.79
"236","T.B","2014-2015",82,404.23,79,707,-628,10.05,11.73,104.94,5,41,-36,10.87,0.74,6.09,6.58,42.29,-35.71,13.46,0.98,6.28,12,18,6,10.87,89.1,99.97
"237","TOR","2014-2015",82,429,115,743,-628,13.4,16.08,103.92,7,50,-43,12.28,0.98,6.99,7.33,54.8,-47.47,11.8,1.03,7.66,6,24,18,8.64,87.53,96.17
"238","VAN","2014-2015",82,430.63,107,624,-517,14.64,14.91,86.94,5,32,-27,13.51,0.7,4.46,7.16,40.97,-33.81,14.88,1,5.71,11,14,3,6.67,90.09,96.76
"239","WPG","2014-2015",82,498.26,122,753,-631,13.94,14.69,90.68,9,49,-40,15.52,1.08,5.9,9.27,56.36,-47.09,14.12,1.12,6.79,23,17,-6,11.25,87.72,98.97
"240","WSH","2014-2015",82,415.12,91,712,-621,11.33,13.15,102.91,2,41,-39,4.65,0.29,5.93,4.58,46.4,-41.82,8.98,0.66,6.71,6,18,12,3.03,88.61,91.64
"241","ANA","2015-2016",82,477.27,121,747,-626,13.94,15.21,93.91,6,33,-27,15.38,0.75,4.15,7.9,46.09,-38.19,14.63,0.99,5.79,12,22,10,8.82,91.27,100.09
"242","ARI","2015-2016",82,499.45,99,791,-692,11.12,11.89,95.02,3,62,-59,4.62,0.36,7.45,6.11,47.64,-41.53,11.37,0.73,5.72,8,17,9,4.76,85.2,89.96
"243","BOS","2015-2016",82,434.72,105,668,-563,13.58,14.49,92.2,9,42,-33,17.65,1.24,5.8,6.81,36.78,-29.97,15.62,0.94,5.08,9,18,9,12.86,85.86,98.72
"244","BUF","2015-2016",82,343.34,68,565,-497,10.74,11.88,98.74,6,35,-29,14.63,1.05,6.12,5.1,36.19,-31.09,12.35,0.89,6.32,11,11,0,11.76,89.26,101.03
"245","CAR","2015-2016",82,332.12,53,436,-383,10.84,9.57,78.77,3,29,-26,9.38,0.54,5.24,2.93,29.56,-26.63,9.02,0.53,5.34,9,12,3,9.38,87.39,96.77
"246","CBJ","2015-2016",82,440.1,87,700,-613,11.05,11.86,95.43,2,43,-41,4.44,0.27,5.86,6.54,47.65,-41.11,12.07,0.89,6.5,12,17,5,4.17,88.19,92.35
"247","CGY","2015-2016",82,347.79,87,588,-501,12.89,15.01,101.44,11,50,-39,18.03,1.9,8.63,6.79,41.36,-34.57,14.1,1.17,7.14,7,16,9,20,83.05,103.05
"248","CHI","2015-2016",82,363.18,84,639,-555,11.62,13.88,105.57,9,39,-30,18.75,1.49,6.44,5.75,42.53,-36.78,11.91,0.95,7.03,6,14,8,15.79,89.54,105.33
"249","COL","2015-2016",82,413.6,99,720,-621,12.09,14.36,104.45,7,47,-40,12.96,1.02,6.82,6.2,46.1,-39.9,11.85,0.9,6.69,11,11,0,9.72,87.53,97.26
"250","DAL","2015-2016",82,388.72,84,636,-552,11.67,12.97,98.17,8,40,-32,16.67,1.23,6.17,6.2,43.53,-37.33,12.47,0.96,6.72,6,20,14,13.79,87.34,101.13
"251","DET","2015-2016",82,421.88,62,685,-623,8.3,8.82,97.42,2,42,-40,4.55,0.28,5.97,4.97,42.94,-37.97,10.37,0.71,6.11,13,17,4,5.26,87.68,92.95
"252","EDM","2015-2016",82,422.58,67,711,-644,8.61,9.51,100.95,5,46,-41,9.8,0.71,6.53,4.78,46.8,-42.02,9.27,0.68,6.64,9,9,0,10.42,87.7,98.12
"253","FLA","2015-2016",82,410.41,63,617,-554,9.26,9.21,90.2,3,48,-45,5.88,0.44,7.02,4.25,38.94,-34.69,9.84,0.62,5.69,10,14,4,8.11,86.85,94.96
"254","L.A","2015-2016",82,446.27,71,711,-640,9.08,9.55,95.59,4,50,-46,7.41,0.54,6.72,4.26,50.53,-46.27,7.78,0.57,6.79,15,24,9,8.51,86.74,95.25
"255","MIN","2015-2016",82,319.95,56,523,-467,9.67,10.5,98.08,6,42,-36,12.5,1.13,7.88,3.4,35.69,-32.29,8.7,0.64,6.69,9,16,7,15.38,85.67,101.05
"256","MTL","2015-2016",81,385.85,96,597,-501,13.85,14.93,92.83,8,46,-38,14.81,1.24,7.15,7.27,44.05,-36.78,14.17,1.13,6.85,5,13,8,12.9,85.93,98.84
"257","N.J","2015-2016",82,438.09,79,655,-576,10.76,10.82,89.71,4,40,-36,9.09,0.55,5.48,6.54,46.35,-39.81,12.37,0.9,6.35,7,14,7,7.69,88.64,96.33
"258","NSH","2015-2016",82,395.75,68,577,-509,10.54,10.31,87.48,5,40,-35,11.11,0.76,6.06,4.11,33.01,-28.9,11.07,0.62,5,4,9,5,9.62,86.21,95.82
"259","NYI","2015-2016",82,366.45,102,570,-468,15.18,16.7,93.33,5,27,-22,15.62,0.82,4.42,7.8,32.41,-24.61,19.4,1.28,5.31,10,15,5,6.49,90.69,97.18
"260","NYR","2015-2016",82,391.48,86,638,-552,11.88,13.18,97.78,2,47,-45,4.08,0.31,7.2,7.21,41.58,-34.37,14.78,1.11,6.37,10,18,8,3.28,85.67,88.95
"261","OTT","2015-2016",81,371.25,78,620,-542,11.17,12.61,100.2,11,56,-45,16.42,1.78,9.05,5.57,41.33,-35.76,11.88,0.9,6.68,13,15,2,20.37,84.7,105.07
"262","PHI","2015-2016",82,420.9,84,674,-590,11.08,11.97,96.08,3,47,-44,6,0.43,6.7,6.24,43.05,-36.81,12.66,0.89,6.14,10,14,4,4.62,86.34,90.95
"263","PIT","2015-2016",82,396.25,90,613,-523,12.8,13.63,92.82,8,35,-27,18.6,1.21,5.3,5.46,35.62,-30.16,13.29,0.83,5.39,11,17,6,11.94,89.86,101.8
"264","S.J","2015-2016",82,370,62,617,-555,9.13,10.05,100.05,6,39,-33,13.33,0.97,6.32,4.52,42.36,-37.84,9.64,0.73,6.87,12,11,-1,14.29,87.96,102.25
"265","STL","2015-2016",82,441.99,88,684,-596,11.4,11.95,92.85,4,35,-31,10.26,0.54,4.75,5.27,44.16,-38.89,10.66,0.72,5.99,22,18,-4,6.56,90.46,97.02
"266","T.B","2015-2016",82,431.67,65,727,-662,8.21,9.03,101.05,7,39,-32,15.22,0.97,5.42,4.29,41.88,-37.59,9.29,0.6,5.82,11,16,5,14.89,89.92,104.82
"267","TOR","2015-2016",82,447.13,112,629,-517,15.11,15.03,84.4,3,45,-42,6.25,0.4,6.04,7.08,41.18,-34.1,14.67,0.95,5.53,14,11,-3,3.85,86.24,90.08
"268","VAN","2015-2016",82,386.81,71,595,-524,10.66,11.01,92.29,4,42,-38,8.7,0.62,6.51,5.99,40.31,-34.32,12.94,0.93,6.25,15,15,0,8.7,88.37,97.06
"269","WPG","2015-2016",82,443.49,107,770,-663,12.2,14.48,104.17,7,60,-53,10.45,0.95,8.12,8.39,58.48,-50.09,12.55,1.14,7.91,13,11,-2,10,85.85,95.85
"270","WSH","2015-2016",82,414.6,63,669,-606,8.61,9.12,96.82,2,35,-33,5.41,0.29,5.07,3.62,38.28,-34.66,8.64,0.52,5.54,17,17,0,4.35,89.03,93.38
"271","ANA","2016-2017",82,468.82,115,764,-649,13.08,14.72,97.78,9,38,-29,19.15,1.15,4.86,8.51,58.13,-49.62,12.77,1.09,7.44,11,22,11,12.86,90.8,103.66
"272","ARI","2016-2017",82,400.39,103,732,-629,12.34,15.43,109.69,7,55,-48,11.29,1.05,8.24,8.41,48.34,-39.93,14.82,1.26,7.24,10,18,8,10.14,84.72,94.87
"273","BOS","2016-2017",82,437.25,109,642,-533,14.51,14.96,88.1,10,37,-27,21.28,1.37,5.08,6.74,41.6,-34.86,13.94,0.92,5.71,10,16,6,12.66,88.51,101.17
"274","BUF","2016-2017",82,386.12,68,729,-661,8.53,10.57,113.28,3,48,-45,5.88,0.47,7.46,3.63,50.32,-46.69,6.73,0.56,7.82,10,13,3,6.82,88.86,95.68
"275","CAR","2016-2017",82,321.58,91,419,-328,17.84,16.98,78.18,8,28,-20,22.22,1.49,5.22,8.41,28.99,-20.58,22.49,1.57,5.41,7,10,3,12.5,86.54,99.04
"276","CBJ","2016-2017",82,376.33,80,606,-526,11.66,12.75,96.62,9,33,-24,21.43,1.43,5.26,8.41,48.11,-39.7,14.88,1.34,7.67,9,12,3,15.25,90.03,105.28
"277","CGY","2016-2017",82,441.82,109,656,-547,14.25,14.8,89.09,7,45,-38,13.46,0.95,6.11,6.92,43.57,-36.65,13.71,0.94,5.92,11,9,-2,10.14,87.36,97.5
"278","CHI","2016-2017",82,329.02,40,600,-560,6.25,7.29,109.42,0,43,-43,0,0,7.84,2.35,37.23,-34.88,5.94,0.43,6.79,4,10,6,0,86.73,86.73
"279","COL","2016-2017",81,419.43,90,650,-560,12.16,12.87,92.98,4,57,-53,6.56,0.57,8.15,5.55,43.86,-38.31,11.23,0.79,6.27,11,17,6,6.67,84.21,90.88
"280","DAL","2016-2017",82,375.37,84,626,-542,11.83,13.43,100.06,5,55,-50,8.33,0.8,8.79,5.99,43.16,-37.17,12.19,0.96,6.9,17,18,1,10.2,83.08,93.28
"281","DET","2016-2017",82,377.58,86,646,-560,11.75,13.67,102.65,3,39,-36,7.14,0.48,6.2,5,44.21,-39.21,10.16,0.79,7.03,10,12,2,6.38,88.73,95.11
"282","EDM","2016-2017",82,357.48,79,628,-549,11.17,13.26,105.4,4,38,-34,9.52,0.67,6.38,4.77,42.71,-37.94,10.05,0.8,7.17,11,16,5,8.16,87.74,95.91
"283","FLA","2016-2017",82,404.42,106,571,-465,15.66,15.73,84.71,7,35,-28,16.67,1.04,5.19,5.88,35.84,-29.96,14.09,0.87,5.32,16,19,3,9.72,89.46,99.18
"284","L.A","2016-2017",82,411.97,92,601,-509,13.28,13.4,87.53,4,33,-29,10.81,0.58,4.81,6.3,35.83,-29.53,14.95,0.92,5.22,9,18,9,7.41,88.21,95.62
"285","MIN","2016-2017",82,339.77,71,561,-490,11.23,12.54,99.07,6,35,-29,14.63,1.06,6.18,4.54,36.85,-32.31,10.97,0.8,6.51,4,7,3,12.77,88.52,101.29
"286","MTL","2016-2017",82,381.77,67,578,-511,10.39,10.53,90.84,5,44,-39,10.2,0.79,6.92,4.34,37.76,-33.42,10.31,0.68,5.93,10,14,4,11.36,86.08,97.44
"287","N.J","2016-2017",82,409.02,44,664,-620,6.21,6.45,97.4,5,46,-41,9.8,0.73,6.75,3.08,45.23,-42.15,6.38,0.45,6.63,12,15,3,16.13,87.15,103.28
"288","NSH","2016-2017",82,372.07,66,593,-527,10.02,10.64,95.63,10,44,-34,18.52,1.61,7.1,4.9,39.27,-34.37,11.09,0.79,6.33,8,17,9,21.28,86.94,108.22
"289","NYI","2016-2017",82,376.4,77,670,-593,10.31,12.27,106.8,6,38,-32,13.64,0.96,6.06,6.31,42.08,-35.77,13.04,1.01,6.71,4,9,5,10.71,89.02,99.73
"290","NYR","2016-2017",82,355.51,110,545,-435,16.79,18.56,91.98,9,43,-34,17.31,1.52,7.26,7.82,37.91,-30.09,17.1,1.32,6.4,7,15,8,12.33,85.76,98.09
"291","OTT","2016-2017",82,395.84,108,682,-574,13.67,16.37,103.38,5,46,-41,9.8,0.76,6.97,6.6,41.16,-34.56,13.82,1,6.24,8,20,12,8.06,86.14,94.21
"292","PHI","2016-2017",82,405.14,76,617,-541,10.97,11.26,91.38,3,45,-42,6.25,0.44,6.66,4.99,37.06,-32.07,11.87,0.74,5.49,7,12,5,4.84,85.2,90.04
"293","PIT","2016-2017",82,392.57,93,646,-553,12.58,14.21,98.73,5,48,-43,9.43,0.76,7.34,5.5,47.32,-41.82,10.41,0.84,7.23,11,12,1,8.77,86.63,95.4
"294","S.J","2016-2017",81,353.72,67,623,-556,9.71,11.36,105.68,6,37,-31,13.95,1.02,6.28,4.45,39.31,-34.86,10.17,0.75,6.67,5,11,6,11.76,88.29,100.06
"295","STL","2016-2017",82,418.18,72,611,-539,10.54,10.33,87.67,2,35,-33,5.41,0.29,5.02,5.2,36.69,-31.49,12.41,0.75,5.26,16,10,-6,3.85,89.36,93.21
"296","T.B","2016-2017",82,413.07,72,666,-594,9.76,10.46,96.74,4,43,-39,8.51,0.58,6.25,6.51,40.1,-33.59,13.97,0.95,5.82,12,16,4,7.55,88.56,96.11
"297","TOR","2016-2017",82,401.48,82,722,-640,10.2,12.25,107.9,6,39,-33,13.33,0.9,5.83,7.3,49.63,-42.33,12.82,1.09,7.42,19,19,0,9.52,89.43,98.95
"298","VAN","2016-2017",82,358.15,62,587,-525,9.55,10.39,98.34,2,50,-48,3.85,0.34,8.38,3.6,41.27,-37.67,8.02,0.6,6.91,2,13,11,4.35,85.8,90.14
"299","WPG","2016-2017",82,411.46,93,707,-614,11.62,13.56,103.1,10,51,-41,16.39,1.46,7.44,6.66,42.87,-36.21,13.45,0.97,6.25,12,10,-2,15.62,86.07,101.69
"300","WSH","2016-2017",82,457.26,110,628,-518,14.91,14.43,82.4,6,43,-37,12.24,0.79,5.64,7.89,44.3,-36.41,15.12,1.04,5.81,9,23,14,7.06,85.57,92.63
"301","ANA","2017-2018",82,448.88,137,765,-628,15.19,18.31,102.25,10,41,-31,19.61,1.34,5.48,9.68,54.12,-44.44,15.17,1.29,7.23,12,18,6,11.11,90.35,101.46
"302","ARI","2017-2018",82,342.67,80,575,-495,12.21,14.01,100.68,2,41,-39,4.65,0.35,7.18,4.82,43.54,-38.72,9.97,0.84,7.62,9,16,7,3.39,86.82,90.21
"303","BOS","2017-2018",82,400.58,89,648,-559,12.08,13.33,97.06,8,36,-28,18.18,1.2,5.39,6.74,40.92,-34.18,14.14,1.01,6.13,5,14,9,13.11,89.74,102.86
"304","BUF","2017-2018",82,367.03,107,629,-522,14.54,17.49,102.83,8,44,-36,15.38,1.31,7.19,8.45,40.62,-32.17,17.22,1.38,6.64,13,9,-4,10.81,87.1,97.91
"305","CAR","2017-2018",82,300.51,56,496,-440,10.14,11.18,99.03,3,45,-42,6.25,0.6,8.98,4.78,39.12,-34.34,10.89,0.95,7.81,2,6,4,7.69,82.42,90.11
"306","CBJ","2017-2018",82,339.13,101,562,-461,15.23,17.87,99.43,3,47,-44,6,0.53,8.32,7.06,44.44,-37.38,13.71,1.25,7.86,3,14,11,3.9,84.44,88.33
"307","CGY","2017-2018",82,423.09,111,695,-584,13.77,15.74,98.56,7,47,-40,12.96,0.99,6.67,7.65,52.99,-45.34,12.62,1.08,7.51,15,27,12,8.86,87.89,96.75
"308","CHI","2017-2018",82,372.7,102,660,-558,13.39,16.42,106.25,4,44,-40,8.33,0.64,7.08,7.27,48.59,-41.32,13.01,1.17,7.82,7,17,10,5.26,87.61,92.87
"309","COL","2017-2018",82,442.23,82,825,-743,9.04,11.13,111.93,7,42,-35,14.29,0.95,5.7,6.28,50.31,-44.03,11.1,0.85,6.83,7,17,10,12.07,90.34,102.41
"310","DAL","2017-2018",82,449,103,743,-640,12.17,13.76,99.29,6,51,-45,10.53,0.8,6.82,8.49,49.69,-41.2,14.59,1.13,6.64,16,21,5,7.59,86.96,94.55
"311","DET","2017-2018",81,398.08,124,704,-580,14.98,18.69,106.11,9,48,-39,15.79,1.36,7.23,8.44,51.42,-42.98,14.1,1.27,7.75,11,16,5,10.23,86.92,97.15
"312","EDM","2017-2018",82,392.33,117,628,-511,15.7,17.89,96.04,11,56,-45,16.42,1.68,8.56,8.78,51.99,-43.21,14.45,1.34,7.95,6,13,7,12.94,82.72,95.66
"313","FLA","2017-2018",82,357.39,113,623,-510,15.35,18.97,104.59,9,40,-31,18.37,1.51,6.72,8.06,43.01,-34.95,15.78,1.35,7.22,7,9,2,11.69,89.39,101.08
"314","L.A","2017-2018",82,429.98,107,725,-618,12.86,14.93,101.17,6,35,-29,14.63,0.84,4.88,7.23,50.1,-42.87,12.61,1.01,6.99,9,20,11,7.41,90.51,97.92
"315","MIN","2017-2018",82,425.77,87,731,-644,10.64,12.26,103.01,7,43,-36,14,0.99,6.06,5.03,42.84,-37.81,10.51,0.71,6.04,9,12,3,11.48,88.74,100.22
"316","MTL","2017-2018",82,410.96,95,760,-665,11.11,13.87,110.96,7,65,-58,9.72,1.02,9.49,6.16,53.6,-47.44,10.31,0.9,7.83,10,8,-2,10.61,83.91,94.52
"317","N.J","2017-2018",82,413.98,126,643,-517,16.38,18.26,93.19,11,44,-33,20,1.59,6.38,11.5,47.01,-35.51,19.65,1.67,6.81,10,18,8,11.7,87.54,99.24
"318","NSH","2017-2018",82,470.89,109,773,-664,12.36,13.89,98.49,10,52,-42,16.13,1.27,6.63,9.13,52.83,-43.7,14.74,1.16,6.73,10,26,16,11.63,87.88,99.51
"319","NYI","2017-2018",82,374.22,89,741,-652,10.72,14.27,118.81,5,60,-55,7.69,0.8,9.62,6.45,49.55,-43.1,11.52,1.03,7.94,11,13,2,8.06,85.82,93.88
"320","NYR","2017-2018",82,395.56,92,637,-545,12.62,13.95,96.62,5,44,-39,10.2,0.76,6.67,6.71,50.52,-43.81,11.72,1.02,7.66,7,14,7,8.33,87.95,96.28
"321","OTT","2017-2018",82,375.65,121,642,-521,15.86,19.33,102.54,4,52,-48,7.14,0.64,8.31,6.15,44.73,-38.58,12.09,0.98,7.14,8,10,2,4.6,85.27,89.87
"322","PHI","2017-2018",82,325.37,85,515,-430,14.17,15.67,94.97,3,50,-47,5.66,0.55,9.22,5.45,33.82,-28.37,13.88,1.01,6.24,9,8,-1,4.55,81.34,85.89
"323","PIT","2017-2018",82,410.66,85,640,-555,11.72,12.42,93.51,5,49,-44,9.26,0.73,7.16,4.35,46.66,-42.31,8.53,0.64,6.82,15,16,1,7.94,86.86,94.8
"324","S.J","2017-2018",82,348.62,95,570,-475,14.29,16.35,98.1,7,31,-24,18.42,1.2,5.34,6.69,40.69,-34,14.12,1.15,7,11,18,7,10.14,90.03,100.18
"325","STL","2017-2018",82,364.86,99,575,-476,14.69,16.28,94.56,3,42,-39,6.67,0.49,6.91,6.13,37.9,-31.77,13.92,1.01,6.23,8,19,11,3.66,86.23,89.89
"326","T.B","2017-2018",82,408.04,81,705,-624,10.31,11.91,103.67,8,54,-46,12.9,1.18,7.94,5.57,42.86,-37.29,11.5,0.82,6.3,13,17,4,14.55,86.36,100.91
"327","TOR","2017-2018",82,366.92,75,600,-525,11.11,12.26,98.11,4,38,-34,9.52,0.65,6.21,4.43,45.58,-41.15,8.86,0.72,7.45,7,11,4,8,88.27,96.27
"328","VAN","2017-2018",81,420.64,124,645,-521,16.12,17.69,92,7,55,-48,11.29,1,7.85,7.86,44.07,-36.21,15.14,1.12,6.29,3,18,15,7.22,84.15,91.37
"329","VGK","2017-2018",82,376,103,602,-499,14.61,16.44,96.06,8,41,-33,16.33,1.28,6.54,6.69,42.74,-36.05,13.53,1.07,6.82,5,10,5,12.5,87.83,100.33
"330","WPG","2017-2018",82,429.73,100,860,-760,10.42,13.96,120.08,7,43,-36,14,0.98,6,6.11,58.29,-52.18,9.49,0.85,8.14,13,18,5,10.94,90.61,101.55
"331","WSH","2017-2018",82,428.1,85,746,-661,10.23,11.91,104.56,3,48,-45,5.88,0.42,6.73,6.77,53.15,-46.38,11.3,0.95,7.45,12,10,-2,5.56,87.79,93.34
"332","ANA","2018-2019",29,161.87,35,279,-244,11.15,12.97,103.42,0,20,-20,0,0,7.41,1.82,21.01,-19.19,7.98,0.68,7.79,3,10,7,0,88.37,88.37
"333","ARI","2018-2019",25,133.77,49,180,-131,21.4,21.98,80.74,9,7,2,56.25,4.04,3.14,3.42,12.55,-9.13,21.43,1.54,5.63,3,5,2,25,92.13,117.13
"334","BOS","2018-2019",26,122.17,38,229,-191,14.23,18.66,112.47,0,17,-17,0,0,8.35,2.04,16.55,-14.5,10.99,1,8.13,6,5,-1,0,87.59,87.59
"335","BUF","2018-2019",28,134.72,20,228,-208,8.06,8.91,101.55,0,17,-17,0,0,7.57,0.95,16.97,-16.02,5.31,0.42,7.56,3,6,3,0,86.82,86.82
"336","CAR","2018-2019",26,124.13,47,154,-107,23.38,22.72,74.44,0,15,-15,0,0,7.25,3.91,12.33,-8.43,24.05,1.89,5.96,0,7,7,0,81.01,81.01
"337","CBJ","2018-2019",26,120.3,39,164,-125,19.21,19.45,81.8,3,16,-13,15.79,1.5,7.98,1.93,13.76,-11.83,12.31,0.96,6.86,2,0,-2,9.68,82.8,92.47
"338","CGY","2018-2019",27,121.83,31,163,-132,15.98,15.27,80.27,4,17,-13,19.05,1.97,8.37,2.83,11.21,-8.38,20.17,1.39,5.52,5,7,2,18.18,80.68,98.86
"339","CHI","2018-2019",28,134.82,36,233,-197,13.38,16.02,103.7,2,22,-20,8.33,0.89,9.79,3.91,18.63,-14.73,17.34,1.74,8.29,2,11,9,7.14,84.4,91.54
"340","COL","2018-2019",27,165.27,41,292,-251,12.31,14.89,106.01,3,16,-13,15.79,1.09,5.81,3.06,16.07,-13.01,16,1.11,5.83,2,2,0,8.33,89.74,98.08
"341","DAL","2018-2019",28,133.42,30,211,-181,12.45,13.49,94.89,2,11,-9,15.38,0.9,4.95,2.34,13.31,-10.98,14.92,1.05,5.99,1,7,6,8.33,89.42,97.76
"342","DET","2018-2019",27,148.5,42,265,-223,13.68,16.97,107.07,3,21,-18,12.5,1.21,8.48,3.15,19.09,-15.93,14.18,1.27,7.71,2,7,5,10,85.31,95.31
"343","EDM","2018-2019",27,134.52,38,189,-151,16.74,16.95,84.3,4,17,-13,19.05,1.78,7.58,3.04,12.15,-9.11,20.02,1.36,5.42,4,6,2,16.67,83.33,100
"344","FLA","2018-2019",25,115.7,37,166,-129,18.23,19.19,86.08,0,15,-15,0,0,7.78,2.59,8.67,-6.08,22.99,1.34,4.49,6,4,-2,0,81.93,81.93
"345","L.A","2018-2019",27,125.3,27,218,-191,11.02,12.93,104.39,2,21,-19,8.7,0.96,10.06,2.56,16.19,-13.63,13.66,1.23,7.75,1,5,4,10,83.06,93.06
"346","MIN","2018-2019",26,133.93,18,210,-192,7.89,8.06,94.08,0,13,-13,0,0,5.82,0.82,12.39,-11.57,6.21,0.37,5.55,4,3,-1,0,89.17,89.17
"347","MTL","2018-2019",27,141.48,36,221,-185,14.01,15.27,93.72,2,17,-15,10.53,0.85,7.21,1.9,13.13,-11.23,12.65,0.81,5.57,4,8,4,6.45,85.59,92.04
"348","N.J","2018-2019",26,146.35,43,201,-158,17.62,17.63,82.41,3,13,-10,18.75,1.23,5.33,2.65,15.23,-12.58,14.8,1.08,6.24,7,5,-2,9.68,86.46,96.14
"349","NSH","2018-2019",28,144.48,46,194,-148,19.17,19.1,80.56,3,17,-14,15,1.25,7.06,3.57,14.67,-11.1,19.57,1.48,6.09,0,7,7,10.71,84.4,95.12
"350","NYI","2018-2019",25,116.23,22,209,-187,9.52,11.36,107.89,2,14,-12,12.5,1.03,7.23,1.27,17.36,-16.09,6.81,0.65,8.96,3,3,0,14.29,88.52,102.81
"351","NYR","2018-2019",28,136.35,30,211,-181,12.45,13.2,92.85,3,18,-15,14.29,1.32,7.92,2.64,14.35,-11.71,15.56,1.16,6.32,2,3,1,13.04,85.83,98.87
"352","OTT","2018-2019",27,124.23,34,245,-211,12.19,16.42,118.33,2,20,-18,9.09,0.97,9.66,2.09,16.03,-13.95,11.51,1.01,7.74,2,2,0,7.14,87.34,94.48
"353","PHI","2018-2019",25,123.92,41,193,-152,17.52,19.85,93.45,2,20,-18,9.09,0.97,9.68,2.24,15.77,-13.53,12.42,1.08,7.64,7,2,-5,6.25,81.65,87.9
"354","PIT","2018-2019",25,112.37,40,153,-113,20.73,21.36,81.7,0,10,-10,0,0,5.34,2.98,11.46,-8.48,20.64,1.59,6.12,1,4,3,0,88.76,88.76
"355","S.J","2018-2019",28,138.98,46,185,-139,19.91,19.86,79.87,4,11,-7,26.67,1.73,4.75,3.57,18.06,-14.49,16.5,1.54,7.8,2,3,1,12.9,89.22,102.12
"356","STL","2018-2019",25,130.97,30,221,-191,11.95,13.74,101.25,0,16,-16,0,0,7.33,1.85,15.14,-13.29,10.89,0.85,6.94,1,10,9,0,86.55,86.55
"357","T.B","2018-2019",28,161.55,35,300,-265,10.45,13,111.42,2,15,-13,11.76,0.74,5.57,2.5,17.4,-14.9,12.56,0.93,6.46,5,4,-1,6.9,91.43,98.33
"358","TOR","2018-2019",27,113.98,32,204,-172,13.56,16.84,107.38,2,13,-11,13.33,1.05,6.84,2.36,14.01,-11.64,14.43,1.24,7.37,0,3,3,8.33,87.25,95.59
"359","VAN","2018-2019",29,171.72,39,292,-253,11.78,13.63,102.03,3,25,-22,10.71,1.05,8.74,2.25,19.75,-17.5,10.22,0.79,6.9,3,10,7,10,81.75,91.75
"360","VGK","2018-2019",28,130.9,45,189,-144,19.23,20.63,86.63,5,13,-8,27.78,2.29,5.96,2.63,12.31,-9.67,17.62,1.21,5.64,2,2,0,17.86,87.74,105.59
"361","WPG","2018-2019",26,141.95,25,232,-207,9.73,10.57,98.06,2,14,-12,12.5,0.85,5.92,2.01,16.43,-14.42,10.91,0.85,6.94,3,5,2,12.5,89.78,102.28
"362","WSH","2018-2019",26,151.2,47,198,-151,19.18,18.65,78.57,1,20,-19,4.76,0.4,7.94,2.39,14.59,-12.2,14.06,0.95,5.79,4,3,-1,2.86,81.65,84.51
